runway_id,ident,runway_length,runway_surface
1,0R7,5000.0,asphalt
2,5K2,5000.0,grooved concrete
3,C56,5001.0,grooved concrete
4,D38,5500.0,asphalt
5,FWB,5000.0,grooved concrete
6,K00V,6000.0,asphalt
7,K05U,7300.0,asphalt
8,K06A,5003.0,asphalt
9,K06U,6200.0,asphalt
10,K0E0,7700.0,asphalt
11,K0E8,5820.0,asphalt
12,K0J6,5002.0,asphalt
13,K0M0,5000.0,asphalt
14,K0M4,5001.0,asphalt
15,K0R3,5000.0,asphalt
16,K0V7,7140.0,asphalt
17,K0VG,5000.0,asphalt
18,K10U,6700.0,asphalt
19,K11A,5010.0,asphalt
20,K11R,5496.0,asphalt
21,K12J,5001.0,asphalt
22,K12J,5136.0,asphalt
23,K15J,5000.0,asphalt
24,K17J,5777.0,asphalt
25,K18A,5000.0,asphalt
26,K19A,5009.0,asphalt
27,K1A5,5000.0,asphalt
28,K1A9,5400.0,asphalt
29,K1B1,5350.0,asphalt
30,K1F0,5000.0,asphalt
31,K1G4,5058.0,asphalt
32,K1H2,5100.0,grooved concrete
33,K1L7,5000.0,asphalt
34,K1L9,5000.0,asphalt
35,K1M4,5008.0,asphalt
36,K1M5,5000.0,asphalt
37,K1R7,5000.0,asphalt
38,K1R8,5500.0,asphalt
39,K1U7,5730.0,asphalt
40,K1V6,5399.0,asphalt
41,K20V,5540.0,asphalt
42,K24N,7500.0,asphalt
43,K26U,5900.0,asphalt
44,K27K,5498.0,asphalt
45,K28J,5999.0,asphalt
46,K2A0,5000.0,asphalt
47,K2F5,5002.0,asphalt
48,K2G2,5000.0,asphalt
49,K2G4,5000.0,asphalt
50,K2G9,5002.0,asphalt
51,K2I0,6050.0,asphalt
52,K2IS,5950.0,asphalt
53,K2J3,5000.0,asphalt
54,K2M2,5003.0,asphalt
55,K2R0,5000.0,asphalt
56,K2T1,5100.0,asphalt
57,K2V5,5040.0,asphalt
58,K2V5,5400.0,asphalt
59,K32A,5325.0,asphalt
60,K38U,5900.0,asphalt
61,K3F3,5070.0,asphalt
62,K3J7,5500.0,asphalt
63,K3K7,5100.0,asphalt
64,K3M8,5144.0,asphalt
65,K3R7,5000.0,asphalt
66,K3T5,5001.0,asphalt
67,K3U3,6011.0,asphalt
68,K42J,5044.0,asphalt
69,K49B,5100.0,asphalt
70,K49X,5000.0,asphalt
71,K4A6,5250.0,asphalt
72,K4A7,5500.0,asphalt
73,K4A9,5001.0,asphalt
74,K4G6,5000.0,asphalt
75,K4I3,5001.0,asphalt
76,K4I7,5000.0,asphalt
77,K4O4,5000.0,asphalt
78,K4R3,5003.0,asphalt
79,K4R4,6604.0,asphalt
80,K4R7,5001.0,asphalt
81,K4S3,5200.0,asphalt
82,K4SD,7608.0,asphalt
83,K4SD,9000.0,asphalt
84,K4V0,6408.0,asphalt
85,K55J,5152.0,asphalt
86,K55J,5300.0,asphalt
87,K5M9,5001.0,asphalt
88,K5R8,5000.0,asphalt
89,K5T6,8500.0,asphalt
90,K5T9,5506.0,asphalt
91,K5W8,5001.0,asphalt
92,K62S,5200.0,asphalt
93,K67L,5100.0,asphalt
94,K6I2,5000.0,asphalt
95,K6S0,5285.0,asphalt
96,K6S8,5200.0,asphalt
97,K74V,6500.0,asphalt
98,K79J,5001.0,asphalt
99,K7K4,5000.0,asphalt
100,K7S1,6000.0,asphalt
101,K7S6,6100.0,asphalt
102,K82V,5336.0,asphalt
103,K87I,5000.0,asphalt
104,K8A1,5005.0,grooved concrete
105,K9A5,5412.0,asphalt
106,K9S5,5100.0,asphalt
107,K9U3,6000.0,asphalt
108,K9U3,6000.0,asphalt
109,K9U4,5500.0,asphalt
110,KA08,6377.0,asphalt
111,KAAS,5003.0,asphalt
112,KABE,5797.0,asphalt
113,KABE,7600.0,asphalt
114,KABI,7198.0,asphalt
115,KABI,7202.0,asphalt
116,KABQ,6000.0,grooved concrete
117,KABQ,10000.0,grooved concrete
118,KABQ,10000.0,asphalt
119,KABQ,13793.0,grooved concrete
120,KABR,5500.0,asphalt
121,KABY,5200.0,asphalt
122,KABY,6601.0,asphalt
123,KACB,5000.0,asphalt
124,KACJ,6021.0,asphalt
125,KACK,6303.0,asphalt
126,KACT,5896.0,asphalt
127,KACT,6596.0,asphalt
128,KACV,6000.0,asphalt
129,KACY,10000.0,asphalt
130,KADG,5001.0,asphalt
131,KADH,6203.0,asphalt
132,KADM,5350.0,asphalt
133,KADS,7202.0,asphalt
134,KADT,5001.0,asphalt
135,KAEG,5999.0,asphalt
136,KAEG,7400.0,asphalt
137,KAEJ,8300.0,asphalt
138,KAEX,7001.0,asphalt
139,KAFJ,5000.0,asphalt
140,KAFO,7023.0,asphalt
141,KAFP,5498.0,asphalt
142,KAFW,11000.0,grooved concrete
143,KAFW,11010.0,grooved concrete
144,KAGS,6001.0,asphalt
145,KAGS,8001.0,asphalt
146,KAHC,7167.0,asphalt
147,KAHN,5522.0,asphalt
148,KAIA,6200.0,asphalt
149,KAIA,6311.0,asphalt
150,KAIA,9202.0,asphalt
151,KAID,5400.0,asphalt
152,KAIK,5500.0,asphalt
153,KAIO,5000.0,grooved concrete
154,KAIZ,6497.0,asphalt
155,KAJR,5500.0,asphalt
156,KAJZ,5598.0,asphalt
157,KAKO,7000.0,asphalt
158,KAKR,6337.0,asphalt
159,KALB,7200.0,asphalt
160,KALB,8500.0,asphalt
161,KALI,5997.0,asphalt
162,KALM,7006.0,asphalt
163,KALN,6500.0,asphalt
164,KALN,8101.0,asphalt
165,KALO,5403.0,asphalt
166,KALO,6002.0,asphalt
167,KALO,8400.0,asphalt
168,KALS,8519.0,asphalt
169,KALW,6526.0,asphalt
170,KALX,5425.0,asphalt
171,KAMG,5000.0,asphalt
172,KAMN,5000.0,asphalt
173,KAMW,5700.0,asphalt
174,KANB,7000.0,asphalt
175,KAND,6002.0,asphalt
176,KANK,7347.0,asphalt
177,KANW,5501.0,asphalt
178,KANW,6824.0,asphalt
179,KAOC,6600.0,asphalt
180,KAOH,5149.0,asphalt
181,KAOO,5466.0,asphalt
182,KAPA,7001.0,asphalt
183,KAPA,10001.0,asphalt
184,KAPC,5931.0,asphalt
185,KAPF,5000.0,asphalt
186,KAPF,5290.0,asphalt
187,KAPG,5004.0,asphalt
188,KAPG,7997.0,asphalt
189,KAPV,6498.0,asphalt
190,KAQX,5005.0,asphalt
191,KARM,5004.0,asphalt
192,KART,5000.0,asphalt
193,KART,5000.0,asphalt
194,KARV,5150.0,asphalt
195,KASE,8006.0,asphalt
196,KASG,5302.0,asphalt
197,KASH,5501.0,asphalt
198,KASL,5000.0,asphalt
199,KASN,6001.0,asphalt
200,KAST,5796.0,asphalt
201,KASW,6000.0,asphalt
202,KASX,5199.0,asphalt
203,KATS,5390.0,asphalt
204,KATS,6301.0,asphalt
205,KATY,6895.0,asphalt
206,KATY,6900.0,asphalt
207,KAUG,5001.0,asphalt
208,KAUM,5800.0,grooved concrete
209,KAUO,5264.0,asphalt
210,KAVC,5002.0,asphalt
211,KAVL,8001.0,asphalt
212,KAVO,5364.0,asphalt
213,KAVP,7501.0,asphalt
214,KAVQ,6901.0,asphalt
215,KAWO,5333.0,asphalt
216,KAXH,5003.0,asphalt
217,KAXN,5100.0,asphalt
218,KAXV,5001.0,asphalt
219,KAXX,8900.0,asphalt
220,KAYS,5035.0,asphalt
221,KAYS,6000.0,asphalt
222,KAZC,5099.0,asphalt
223,KAZC,6300.0,asphalt
224,KAZO,6500.0,asphalt
225,KBAF,5000.0,asphalt
226,KBAF,9000.0,asphalt
227,KBAK,5000.0,asphalt
228,KBAK,6400.0,asphalt
229,KBAM,7299.0,asphalt
230,KBAM,7300.0,asphalt
231,KBAX,5000.0,asphalt
232,KBAZ,5352.0,asphalt
233,KBAZ,5364.0,asphalt
234,KBBG,7140.0,grooved concrete
235,KBBP,5000.0,asphalt
236,KBCE,7395.0,asphalt
237,KBCT,6276.0,asphalt
238,KBDE,5499.0,asphalt
239,KBDG,5781.0,asphalt
240,KBDH,5500.0,asphalt
241,KBDL,5145.0,asphalt
242,KBDL,6847.0,asphalt
243,KBDL,9510.0,asphalt
244,KBDN,5200.0,asphalt
245,KBED,5106.0,asphalt
246,KBED,7001.0,asphalt
247,KBEH,5109.0,asphalt
248,KBFD,6309.0,asphalt
249,KBFE,5217.0,asphalt
250,KBFF,8001.0,asphalt
251,KBFF,8279.0,asphalt
252,KBFI,10007.0,asphalt
253,KBFL,10857.0,asphalt
254,KBGD,6300.0,asphalt
255,KBGE,5000.0,asphalt
256,KBGE,5003.0,asphalt
257,KBGE,5100.0,asphalt
258,KBGE,5502.0,asphalt
259,KBGF,5003.0,asphalt
260,KBGM,5002.0,asphalt
261,KBGM,7100.0,asphalt
262,KBGR,11440.0,asphalt
263,KBHB,5200.0,asphalt
264,KBHC,5003.0,asphalt
265,KBHM,7100.0,asphalt
266,KBHM,10000.0,asphalt
267,KBIH,5566.0,asphalt
268,KBIH,5600.0,asphalt
269,KBIH,7498.0,asphalt
270,KBIJ,5500.0,asphalt
271,KBIL,5501.0,asphalt
272,KBIL,10518.0,asphalt
273,KBIS,6600.0,asphalt
274,KBIS,8794.0,asphalt
275,KBIV,6264.0,asphalt
276,KBJC,7004.0,asphalt
277,KBJC,9000.0,asphalt
278,KBJI,5699.0,asphalt
279,KBJI,6598.0,asphalt
280,KBJJ,5191.0,asphalt
281,KBKE,5095.0,asphalt
282,KBKL,5197.0,asphalt
283,KBKL,6198.0,asphalt
284,KBKS,5002.0,asphalt
285,KBKW,5000.0,asphalt
286,KBKW,6750.0,asphalt
287,KBKX,5231.0,asphalt
288,KBLH,5800.0,asphalt
289,KBLH,6543.0,asphalt
290,KBLI,6701.0,asphalt
291,KBLM,7300.0,asphalt
292,KBMC,8900.0,asphalt
293,KBMG,6500.0,asphalt
294,KBML,5200.0,asphalt
295,KBMQ,5000.0,asphalt
296,KBNA,11030.0,asphalt
297,KBNG,5200.0,asphalt
298,KBNL,5119.0,asphalt
299,KBNL,5255.0,asphalt
300,KBNO,5100.0,asphalt
301,KBOI,5000.0,asphalt
302,KBOI,9763.0,asphalt
303,KBOI,10000.0,asphalt
304,KBOS,5000.0,asphalt
305,KBOS,7000.0,asphalt
306,KBOS,7861.0,asphalt
307,KBOS,10005.0,asphalt
308,KBOS,10083.0,asphalt
309,KBOW,5000.0,asphalt
310,KBOW,5000.0,asphalt
311,KBOW,5001.0,asphalt
312,KBPI,6803.0,asphalt
313,KBPK,5001.0,asphalt
314,KBRD,6500.0,asphalt
315,KBRD,6500.0,grooved concrete
316,KBRO,6000.0,asphalt
317,KBRO,7400.0,asphalt
318,KBRY,5003.0,asphalt
319,KBTL,10003.0,asphalt
320,KBTM,5100.0,asphalt
321,KBTM,5545.0,asphalt
322,KBTM,9001.0,asphalt
323,KBTR,7004.0,asphalt
324,KBTV,8320.0,asphalt
325,KBTY,5600.0,asphalt
326,KBUF,7161.0,asphalt
327,KBUF,8102.0,asphalt
328,KBUR,5801.0,asphalt
329,KBUR,6886.0,asphalt
330,KBUY,5000.0,asphalt
331,KBVS,5477.0,asphalt
332,KBVX,6002.0,asphalt
333,KBVY,5001.0,asphalt
334,KBWD,5599.0,asphalt
335,KBWG,6500.0,asphalt
336,KBWI,5000.0,asphalt
337,KBWI,6000.0,asphalt
338,KBWI,9501.0,asphalt
339,KBWI,10502.0,asphalt
340,KBWP,5100.0,asphalt
341,KBXK,5500.0,asphalt
342,KBXM,6000.0,asphalt
343,KBXM,8000.0,asphalt
344,KBXM,8000.0,asphalt
345,KBYG,6143.0,asphalt
346,KBYY,5107.0,asphalt
347,KBZN,9003.0,asphalt
348,KC15,5000.0,asphalt
349,KC80,5000.0,asphalt
350,KCAD,5000.0,asphalt
351,KCAE,8601.0,asphalt
352,KCAG,5600.0,asphalt
353,KCAK,5599.0,asphalt
354,KCAK,7597.0,asphalt
355,KCAK,7601.0,asphalt
356,KCAO,6300.0,asphalt
357,KCBE,5048.0,asphalt
358,KCCO,5500.0,asphalt
359,KCDC,8653.0,asphalt
360,KCDH,6501.0,asphalt
361,KCDN,5000.0,asphalt
362,KCEC,5002.0,asphalt
363,KCEC,5002.0,asphalt
364,KCEF,7082.0,asphalt
365,KCEF,11597.0,asphalt
366,KCEV,6500.0,asphalt
367,KCEW,8005.0,asphalt
368,KCEY,6200.0,asphalt
369,KCEZ,7205.0,asphalt
370,KCFV,5872.0,asphalt
371,KCGF,5102.0,asphalt
372,KCGZ,5200.0,asphalt
373,KCHA,5000.0,asphalt
374,KCHA,7400.0,asphalt
375,KCHO,6001.0,asphalt
376,KCHS,7004.0,asphalt
377,KCIC,6724.0,asphalt
378,KCII,5000.0,asphalt
379,KCIU,5000.0,asphalt
380,KCJR,5000.0,asphalt
381,KCKB,7800.0,asphalt
382,KCKC,5002.0,asphalt
383,KCKF,5001.0,asphalt
384,KCKF,5006.0,asphalt
385,KCKF,5040.0,asphalt
386,KCKI,5000.0,asphalt
387,KCKM,5404.0,asphalt
388,KCKV,6000.0,asphalt
389,KCLL,5159.0,asphalt
390,KCLM,6347.0,asphalt
391,KCLT,10000.0,grooved concrete
392,KCMD,5500.0,asphalt
393,KCMH,8000.0,asphalt
394,KCMH,10125.0,asphalt
395,KCMR,5992.0,asphalt
396,KCMX,5196.0,asphalt
397,KCMX,6501.0,asphalt
398,KCNM,5333.0,asphalt
399,KCNM,5839.0,asphalt
400,KCNM,7854.0,asphalt
401,KCNO,6023.0,asphalt
402,KCNO,7000.0,asphalt
403,KCNW,8600.0,asphalt
404,KCNY,7100.0,asphalt
405,KCOD,8268.0,asphalt
406,KCOE,5400.0,asphalt
407,KCOE,7400.0,asphalt
408,KCON,6005.0,asphalt
409,KCOS,8269.0,asphalt
410,KCOS,11022.0,asphalt
411,KCOT,5005.0,asphalt
412,KCOU,5500.0,grooved concrete
413,KCPC,5500.0,asphalt
414,KCPK,5500.0,asphalt
415,KCPR,6484.0,asphalt
416,KCPR,7696.0,asphalt
417,KCPR,8679.0,asphalt
418,KCPR,10164.0,asphalt
419,KCPS,6997.0,asphalt
420,KCPT,5700.0,asphalt
421,KCQW,5000.0,asphalt
422,KCRE,5996.0,asphalt
423,KCRP,6080.0,asphalt
424,KCRP,7508.0,asphalt
425,KCRT,5009.0,asphalt
426,KCRW,6715.0,asphalt
427,KCRX,6500.0,asphalt
428,KCSG,6997.0,asphalt
429,KCSV,5418.0,asphalt
430,KCTB,5299.0,asphalt
431,KCTB,5300.0,asphalt
432,KCTJ,5652.0,asphalt
433,KCTY,5001.0,asphalt
434,KCTY,5005.0,asphalt
435,KCUB,5002.0,asphalt
436,KCUT,5500.0,asphalt
437,KCVB,5001.0,asphalt
438,KCVH,6350.0,asphalt
439,KCVK,5156.0,asphalt
440,KCVN,5697.0,asphalt
441,KCVN,6200.0,asphalt
442,KCVO,5900.0,asphalt
443,KCWI,5204.0,asphalt
444,KCWV,5002.0,asphalt
445,KCXO,6000.0,asphalt
446,KCXP,5906.0,asphalt
447,KCXW,5500.0,grooved concrete
448,KCXY,5001.0,asphalt
449,KCYS,6691.0,asphalt
450,KCZL,6000.0,asphalt
451,KD68,8417.0,asphalt
452,KDAA,5618.0,asphalt
453,KDAB,6001.0,asphalt
454,KDAB,10500.0,asphalt
455,KDAG,5119.0,asphalt
456,KDAG,6400.0,asphalt
457,KDAL,6147.0,asphalt
458,KDAN,6500.0,asphalt
459,KDBN,5004.0,asphalt
460,KDBN,6002.0,asphalt
461,KDCM,5000.0,asphalt
462,KDCU,6107.0,asphalt
463,KDDC,6899.0,asphalt
464,KDEC,5299.0,asphalt
465,KDED,5999.0,asphalt
466,KDED,6001.0,asphalt
467,KDEQ,5000.0,asphalt
468,KDET,5090.0,asphalt
469,KDEW,6100.0,asphalt
470,KDGW,6532.0,asphalt
471,KDHN,5000.0,asphalt
472,KDHN,8498.0,asphalt
473,KDHT,5669.0,asphalt
474,KDHT,6400.0,asphalt
475,KDIJ,7302.0,asphalt
476,KDIK,6400.0,asphalt
477,KDKB,7227.0,asphalt
478,KDKK,5000.0,asphalt
479,KDLH,5699.0,asphalt
480,KDLN,6500.0,asphalt
481,KDLO,5650.0,asphalt
482,KDLS,5097.0,asphalt
483,KDLZ,5000.0,asphalt
484,KDMN,5675.0,asphalt
485,KDMN,6627.0,asphalt
486,KDMW,5100.0,asphalt
487,KDNN,5498.0,asphalt
488,KDNV,6002.0,asphalt
489,KDPG,7000.0,asphalt
490,KDPG,13125.0,asphalt
491,KDPL,6002.0,asphalt
492,KDQH,6005.0,asphalt
493,KDRO,9201.0,asphalt
494,KDRT,6300.0,asphalt
495,KDSM,9001.0,asphalt
496,KDSM,9003.0,asphalt
497,KDTA,5500.0,asphalt
498,KDTA,5935.0,asphalt
499,KDTN,5018.0,asphalt
500,KDTO,5003.0,asphalt
501,KDTO,7002.0,asphalt
502,KDUA,6800.0,asphalt
503,KDUG,5000.0,asphalt
504,KDUG,7158.0,asphalt
505,KDUG,7311.0,asphalt
506,KDUG,7503.0,asphalt
507,KDUH,5013.0,asphalt
508,KDUJ,5504.0,asphalt
509,KDUX,5474.0,asphalt
510,KDVK,5000.0,asphalt
511,KDVL,5509.0,asphalt
512,KDVT,8208.0,asphalt
513,KDWA,6000.0,asphalt
514,KDWH,7009.0,asphalt
515,KDWU,5602.0,asphalt
516,KDYA,5000.0,asphalt
517,KDYR,5698.0,asphalt
518,KE06,6000.0,asphalt
519,KE11,5816.0,asphalt
520,KE14,5000.0,asphalt
521,KE24,6288.0,asphalt
522,KE25,5050.0,asphalt
523,KE38,5018.0,asphalt
524,KE38,6003.0,asphalt
525,KE42,5002.0,asphalt
526,KE63,5200.0,asphalt
527,KE80,5280.0,asphalt
528,KE80,6601.0,asphalt
529,KE91,6900.0,asphalt
530,KEAN,5900.0,asphalt
531,KEAR,7094.0,asphalt
532,KEAT,7000.0,asphalt
533,KEBG,5000.0,asphalt
534,KEDE,6000.0,asphalt
535,KEDJ,5000.0,asphalt
536,KEDN,5100.0,asphalt
537,KEED,5005.0,asphalt
538,KEEN,6201.0,asphalt
539,KEEO,6500.0,asphalt
540,KEET,5000.0,asphalt
541,KEFK,5300.0,asphalt
542,KEFT,5000.0,asphalt
543,KEGE,5013.0,asphalt
544,KEGE,9000.0,asphalt
545,KEGV,5000.0,asphalt
546,KEHO,5002.0,asphalt
547,KEHR,5504.0,asphalt
548,KEKM,6500.0,asphalt
549,KEKO,7214.0,asphalt
550,KEKS,6600.0,asphalt
551,KEKX,6001.0,asphalt
552,KEKY,6007.0,asphalt
553,KELD,6600.0,asphalt
554,KELM,5404.0,asphalt
555,KELM,7000.0,asphalt
556,KELN,5590.0,asphalt
557,KELO,5600.0,asphalt
558,KELP,5493.0,asphalt
559,KELP,9025.0,asphalt
560,KELP,12020.0,asphalt
561,KELY,6018.0,asphalt
562,KELZ,5302.0,asphalt
563,KEMM,8200.0,asphalt
564,KEMV,5044.0,asphalt
565,KENL,5001.0,asphalt
566,KENV,8000.0,asphalt
567,KENV,8001.0,asphalt
568,KENW,5499.0,grooved concrete
569,KEOS,5001.0,asphalt
570,KEPH,5500.0,asphalt
571,KEPH,6630.0,asphalt
572,KEQY,5500.0,asphalt
573,KERI,8420.0,asphalt
574,KERV,6000.0,asphalt
575,KESC,5000.0,asphalt
576,KESC,6501.0,asphalt
577,KESF,5601.0,asphalt
578,KESF,5999.0,asphalt
579,KESN,5500.0,asphalt
580,KEUF,5000.0,asphalt
581,KEUG,5228.0,asphalt
582,KEUG,6000.0,asphalt
583,KEUG,8009.0,asphalt
584,KEUL,5500.0,asphalt
585,KEVB,5000.0,asphalt
586,KEVV,6286.0,asphalt
587,KEVV,8021.0,asphalt
588,KEVW,7300.0,asphalt
589,KEVW,7300.0,asphalt
590,KEWB,5000.0,asphalt
591,KEWK,7003.0,asphalt
592,KEWN,6004.0,asphalt
593,KEWR,10000.0,asphalt
594,KEWR,11000.0,asphalt
595,KEXX,5000.0,asphalt
596,KEYF,5001.0,asphalt
597,KEZM,6506.0,asphalt
598,KF05,5099.0,asphalt
599,KF17,5501.0,asphalt
600,KF22,5098.0,asphalt
601,KF22,5200.0,asphalt
602,KF22,5200.0,asphalt
603,KF24,5001.0,asphalt
604,KF70,6000.0,asphalt
605,KFAT,8008.0,asphalt
606,KFAT,9217.0,asphalt
607,KFAY,7712.0,asphalt
608,KFBR,6402.0,asphalt
609,KFCI,5500.0,asphalt
610,KFCM,5000.0,asphalt
611,KFDK,5220.0,asphalt
612,KFDR,6000.0,asphalt
613,KFDR,6099.0,asphalt
614,KFDW,5004.0,asphalt
615,KFDY,5883.0,asphalt
616,KFDY,6500.0,asphalt
617,KFEP,5504.0,asphalt
618,KFET,5500.0,asphalt
619,KFFC,5219.0,asphalt
620,KFFM,5639.0,asphalt
621,KFFT,5005.0,asphalt
622,KFFX,6500.0,asphalt
623,KFFZ,5101.0,asphalt
624,KFGX,5001.0,asphalt
625,KFIT,5001.0,asphalt
626,KFKL,5200.0,asphalt
627,KFKR,5000.0,asphalt
628,KFLD,5941.0,asphalt
629,KFLG,6999.0,asphalt
630,KFLL,8000.0,asphalt
631,KFLL,9000.0,asphalt
632,KFLO,5999.0,asphalt
633,KFLO,6499.0,asphalt
634,KFLP,5000.0,asphalt
635,KFLX,5703.0,asphalt
636,KFMN,6500.0,asphalt
637,KFMN,6704.0,asphalt
638,KFMY,6406.0,asphalt
639,KFNL,8500.0,asphalt
640,KFNT,7201.0,asphalt
641,KFNT,7849.0,asphalt
642,KFOA,5003.0,asphalt
643,KFOD,5300.0,asphalt
644,KFOD,6548.0,asphalt
645,KFOK,5000.0,asphalt
646,KFPR,6492.0,asphalt
647,KFQD,5000.0,asphalt
648,KFRG,5516.0,asphalt
649,KFRG,6827.0,asphalt
650,KFRH,5500.0,asphalt
651,KFRM,5505.0,asphalt
652,KFSD,8000.0,asphalt
653,KFSM,5002.0,asphalt
654,KFSM,8000.0,asphalt
655,KFST,7507.0,asphalt
656,KFSU,5300.0,asphalt
657,KFSU,5800.0,asphalt
658,KFTG,8000.0,asphalt
659,KFTG,8000.0,asphalt
660,KFTK,5185.0,asphalt
661,KFTK,5253.0,asphalt
662,KFTY,5796.0,asphalt
663,KFWS,6002.0,asphalt
664,KFXE,6001.0,asphalt
665,KFXY,5806.0,asphalt
666,KFYE,5000.0,asphalt
667,KFYJ,5000.0,asphalt
668,KFYM,5900.0,asphalt
669,KFYV,6006.0,asphalt
670,KFZG,5002.0,asphalt
671,KFZY,5197.0,asphalt
672,KGAD,6802.0,asphalt
673,KGAG,5415.0,asphalt
674,KGBD,7850.0,asphalt
675,KGBG,5793.0,asphalt
676,KGCD,5220.0,asphalt
677,KGCM,5200.0,asphalt
678,KGCN,8999.0,asphalt
679,KGCY,6302.0,asphalt
680,KGDJ,5201.0,asphalt
681,KGDV,5704.0,asphalt
682,KGED,5500.0,asphalt
683,KGEG,8198.0,asphalt
684,KGEG,11002.0,asphalt
685,KGEU,7099.0,asphalt
686,KGEY,6953.0,asphalt
687,KGEY,7003.0,asphalt
688,KGEZ,5000.0,asphalt
689,KGFK,7349.0,asphalt
690,KGFL,5000.0,asphalt
691,KGGE,5001.0,asphalt
692,KGGG,6109.0,asphalt
693,KGGG,10000.0,asphalt
694,KGGW,5000.0,asphalt
695,KGGW,5001.0,asphalt
696,KGIC,5100.0,asphalt
697,KGIF,5006.0,asphalt
698,KGJT,5502.0,asphalt
699,KGJT,10501.0,asphalt
700,KGKJ,5002.0,asphalt
701,KGKT,5506.0,asphalt
702,KGLE,6000.0,asphalt
703,KGLH,8001.0,asphalt
704,KGLR,6578.0,asphalt
705,KGLW,5301.0,asphalt
706,KGMJ,5250.0,asphalt
707,KGMU,5393.0,asphalt
708,KGNB,5095.0,asphalt
709,KGNC,5376.0,asphalt
710,KGNF,5000.0,asphalt
711,KGNF,7000.0,asphalt
712,KGNT,7172.0,asphalt
713,KGNV,7504.0,asphalt
714,KGON,5000.0,asphalt
715,KGOV,5000.0,asphalt
716,KGPH,5504.0,asphalt
717,KGPI,9007.0,asphalt
718,KGPT,7000.0,asphalt
719,KGPZ,5755.0,asphalt
720,KGRD,5003.0,asphalt
721,KGRF,6125.0,asphalt
722,KGRI,7002.0,asphalt
723,KGRN,5196.0,asphalt
724,KGSH,5000.0,asphalt
725,KGSO,6380.0,asphalt
726,KGSO,9000.0,asphalt
727,KGSO,10001.0,asphalt
728,KGTF,6357.0,asphalt
729,KGTF,10502.0,asphalt
730,KGTR,8002.0,asphalt
731,KGTU,5000.0,asphalt
732,KGUC,9400.0,asphalt
733,KGUP,7316.0,asphalt
734,KGUY,5900.0,asphalt
735,KGVL,5500.0,asphalt
736,KGVQ,5500.0,asphalt
737,KGVT,8030.0,asphalt
738,KGWB,5000.0,asphalt
739,KGWO,5005.0,asphalt
740,KGWO,6503.0,asphalt
741,KGWR,5000.0,asphalt
742,KGWW,5500.0,asphalt
743,KGXY,5801.0,asphalt
744,KGXY,10000.0,asphalt
745,KGYI,8000.0,asphalt
746,KGYR,8500.0,asphalt
747,KGYY,7003.0,asphalt
748,KGZS,5001.0,asphalt
749,KH71,5000.0,asphalt
750,KHAB,5500.0,asphalt
751,KHAF,5000.0,asphalt
752,KHAO,5500.0,asphalt
753,KHBG,6099.0,asphalt
754,KHBI,5501.0,asphalt
755,KHBR,5293.0,asphalt
756,KHBR,5293.0,asphalt
757,KHBR,5507.0,asphalt
758,KHCR,6898.0,asphalt
759,KHDN,10000.0,asphalt
760,KHEE,5000.0,asphalt
761,KHEF,5700.0,asphalt
762,KHEQ,5000.0,asphalt
763,KHEZ,5000.0,asphalt
764,KHEZ,6500.0,asphalt
765,KHFF,5001.0,asphalt
766,KHGR,5461.0,asphalt
767,KHHF,5000.0,asphalt
768,KHHG,5001.0,asphalt
769,KHIB,6758.0,asphalt
770,KHII,8001.0,asphalt
771,KHIO,6600.0,asphalt
772,KHJO,5175.0,asphalt
773,KHKA,5001.0,asphalt
774,KHKS,5387.0,asphalt
775,KHKY,6400.0,asphalt
776,KHLG,5001.0,asphalt
777,KHLN,9000.0,asphalt
778,KHMZ,5005.0,asphalt
779,KHNB,5000.0,asphalt
780,KHND,5001.0,asphalt
781,KHND,6501.0,asphalt
782,KHNZ,5003.0,asphalt
783,KHOB,6002.0,asphalt
784,KHOB,7398.0,asphalt
785,KHOP,11800.0,asphalt
786,KHOT,6595.0,asphalt
787,KHOU,7602.0,asphalt
788,KHPN,6548.0,asphalt
789,KHQM,5000.0,asphalt
790,KHQU,5200.0,asphalt
791,KHRL,5949.0,asphalt
792,KHRL,7257.0,asphalt
793,KHRL,8301.0,asphalt
794,KHRO,6161.0,asphalt
795,KHRX,6100.0,grooved concrete
796,KHSA,8500.0,asphalt
797,KHSB,5013.0,asphalt
798,KHSP,5600.0,asphalt
799,KHSV,10006.0,asphalt
800,KHSV,12600.0,asphalt
801,KHTH,6000.0,asphalt
802,KHTS,6509.0,asphalt
803,KHUA,7300.0,asphalt
804,KHUF,9020.0,asphalt
805,KHUL,5000.0,asphalt
806,KHUL,5001.0,asphalt
807,KHUT,7004.0,asphalt
808,KHVC,5502.0,asphalt
809,KHVE,5675.0,asphalt
810,KHVN,5600.0,asphalt
811,KHVR,5205.0,asphalt
812,KHVS,5000.0,asphalt
813,KHWD,5694.0,asphalt
814,KHWY,5000.0,asphalt
815,KHXD,5000.0,asphalt
816,KHYA,5252.0,asphalt
817,KHYA,5425.0,asphalt
818,KHYI,5213.0,asphalt
819,KHYI,5603.0,asphalt
820,KHYI,6330.0,asphalt
821,KHYR,5003.0,asphalt
822,KHYS,6500.0,asphalt
823,KHYX,5000.0,asphalt
824,KHZD,5500.0,asphalt
825,KHZE,5000.0,asphalt
826,KHZR,5002.0,asphalt
827,KHZY,5900.0,asphalt
828,KI23,5097.0,asphalt
829,KI43,5201.0,asphalt
830,KI58,6252.0,asphalt
831,KI63,5905.0,asphalt
832,KIAD,11501.0,grooved concrete
833,KIAG,5189.0,asphalt
834,KIAH,10000.0,asphalt
835,KIDA,9002.0,asphalt
836,KIDP,5501.0,asphalt
837,KIEN,5000.0,asphalt
838,KIER,5003.0,asphalt
839,KIFP,7520.0,asphalt
840,KIGM,6725.0,asphalt
841,KIGM,6725.0,asphalt
842,KIGM,6826.0,asphalt
843,KIJX,5000.0,asphalt
844,KIKG,5999.0,asphalt
845,KIKK,5979.0,asphalt
846,KILE,5495.0,asphalt
847,KILG,7012.0,asphalt
848,KILG,7181.0,asphalt
849,KILM,7004.0,asphalt
850,KIMM,5000.0,asphalt
851,KIMM,5000.0,asphalt
852,KIMM,5001.0,asphalt
853,KIMT,6500.0,asphalt
854,KIND,7605.0,asphalt
855,KINF,5001.0,asphalt
856,KINK,5000.0,asphalt
857,KINL,6508.0,asphalt
858,KINT,6655.0,asphalt
859,KINW,6068.0,asphalt
860,KINW,7100.0,asphalt
861,KINW,7499.0,asphalt
862,KIOB,5002.0,asphalt
863,KIPJ,5529.0,asphalt
864,KIPL,5304.0,asphalt
865,KIPT,6474.0,asphalt
866,KIRS,5200.0,asphalt
867,KISM,5000.0,asphalt
868,KISM,6000.0,asphalt
869,KISO,11500.0,asphalt
870,KISP,5034.0,asphalt
871,KISP,5186.0,asphalt
872,KISP,7006.0,asphalt
873,KISQ,5000.0,asphalt
874,KISW,5500.0,asphalt
875,KITH,6601.0,asphalt
876,KIWD,6501.0,asphalt
877,KIXA,5500.0,asphalt
878,KIXD,5130.0,asphalt
879,KIXD,7339.0,asphalt
880,KIYK,6275.0,asphalt
881,KIYK,7100.0,asphalt
882,KJAC,6300.0,asphalt
883,KJAN,8500.0,asphalt
884,KJAN,8500.0,asphalt
885,KJAS,5500.0,asphalt
886,KJBR,6200.0,asphalt
887,KJCT,5000.0,asphalt
888,KJEF,6001.0,asphalt
889,KJER,5001.0,asphalt
890,KJES,5500.0,asphalt
891,KJFK,8400.0,asphalt
892,KJFK,10000.0,grooved concrete
893,KJFK,12079.0,grooved concrete
894,KJFK,14511.0,grooved concrete
895,KJFX,5003.0,asphalt
896,KJHW,5299.0,asphalt
897,KJKA,6962.0,asphalt
898,KJLN,6500.0,asphalt
899,KJLN,6502.0,asphalt
900,KJMS,5749.0,asphalt
901,KJMS,6500.0,asphalt
902,KJNX,5500.0,asphalt
903,KJQF,7403.0,asphalt
904,KJSO,5011.0,asphalt
905,KJST,7003.0,asphalt
906,KJVL,5000.0,asphalt
907,KJVL,6701.0,asphalt
908,KJVY,5500.0,asphalt
909,KJWN,5500.0,asphalt
910,KJWY,5000.0,asphalt
911,KJXN,5344.0,asphalt
912,KJYL,5000.0,asphalt
913,KJYO,5500.0,asphalt
914,KJZP,5000.0,asphalt
915,KK20,5000.0,asphalt
916,KK22,5000.0,asphalt
917,KK24,5000.0,asphalt
918,KKNB,6193.0,asphalt
919,KL08,5011.0,asphalt
920,KL35,5850.0,asphalt
921,KL71,6027.0,asphalt
922,KL72,5930.0,asphalt
923,KLAA,5001.0,asphalt
924,KLAF,6600.0,asphalt
925,KLAL,5000.0,asphalt
926,KLAL,8500.0,asphalt
927,KLAM,5550.0,asphalt
928,KLAN,7251.0,asphalt
929,KLAR,6300.0,asphalt
930,KLAR,8500.0,asphalt
931,KLAS,9771.0,asphalt
932,KLAS,10526.0,asphalt
933,KLAS,14515.0,asphalt
934,KLBE,8222.0,asphalt
935,KLBL,5721.0,grooved concrete
936,KLBL,7105.0,asphalt
937,KLBO,5000.0,asphalt
938,KLBT,5510.0,asphalt
939,KLBX,7000.0,asphalt
940,KLCH,5200.0,asphalt
941,KLCI,5286.0,asphalt
942,KLCK,11937.0,asphalt
943,KLCQ,8002.0,asphalt
944,KLDM,5003.0,asphalt
945,KLEB,5200.0,asphalt
946,KLEB,5496.0,asphalt
947,KLEE,6300.0,asphalt
948,KLEW,5001.0,asphalt
949,KLEX,7003.0,asphalt
950,KLFK,5398.0,asphalt
951,KLFT,5399.0,asphalt
952,KLFT,7651.0,asphalt
953,KLGA,7000.0,asphalt
954,KLGA,7000.0,asphalt
955,KLGB,6192.0,asphalt
956,KLGB,10000.0,asphalt
957,KLGC,5000.0,asphalt
958,KLGC,5600.0,asphalt
959,KLGD,5600.0,asphalt
960,KLGF,6000.0,asphalt
961,KLGF,6118.0,asphalt
962,KLGU,5007.0,asphalt
963,KLGU,9010.0,asphalt
964,KLHM,6001.0,asphalt
965,KLHQ,5004.0,asphalt
966,KLHW,5000.0,asphalt
967,KLHW,5010.0,asphalt
968,KLHX,5800.0,asphalt
969,KLHX,6848.0,asphalt
970,KLHZ,5500.0,asphalt
971,KLKR,6004.0,asphalt
972,KLKV,5306.0,asphalt
973,KLLN,6110.0,asphalt
974,KLLQ,5018.0,asphalt
975,KLLR,5249.0,asphalt
976,KLMT,5162.0,asphalt
977,KLMT,5260.0,asphalt
978,KLNC,5000.0,asphalt
979,KLND,5000.0,asphalt
980,KLNN,5028.0,asphalt
981,KLNP,5280.0,asphalt
982,KLNR,5000.0,asphalt
983,KLNS,6934.0,asphalt
984,KLOL,5529.0,asphalt
985,KLOT,5697.0,asphalt
986,KLOZ,5650.0,asphalt
987,KLPR,5002.0,asphalt
988,KLQK,5002.0,asphalt
989,KLRD,7830.0,asphalt
990,KLRU,6069.0,asphalt
991,KLRU,7499.0,asphalt
992,KLRU,7499.0,asphalt
993,KLSB,5011.0,asphalt
994,KLSE,5299.0,asphalt
995,KLSE,6050.0,asphalt
996,KLSF,10000.0,asphalt
997,KLSK,5058.0,asphalt
998,KLUG,5002.0,asphalt
999,KLUK,5128.0,asphalt
1000,KLUK,6101.0,asphalt
1001,KLUL,5512.0,asphalt
1002,KLUM,5075.0,asphalt
1003,KLVK,5253.0,asphalt
1004,KLVM,5701.0,asphalt
1005,KLVS,5004.0,asphalt
1006,KLVS,8198.0,asphalt
1007,KLWB,7004.0,asphalt
1008,KLWC,5700.0,asphalt
1009,KLWL,5498.0,asphalt
1010,KLWM,5000.0,asphalt
1011,KLWS,5002.0,asphalt
1012,KLWS,6511.0,asphalt
1013,KLWT,5600.0,asphalt
1014,KLWT,6100.0,asphalt
1015,KLWV,5198.0,asphalt
1016,KLWV,5199.0,asphalt
1017,KLXV,6400.0,asphalt
1018,KLYH,5799.0,asphalt
1019,KLZU,6000.0,asphalt
1020,KM02,5001.0,asphalt
1021,KM04,5004.0,asphalt
1022,KM21,5000.0,asphalt
1023,KM22,5500.0,asphalt
1024,KM33,5000.0,asphalt
1025,KM40,5001.0,asphalt
1026,KM46,5100.0,asphalt
1027,KM54,5000.0,asphalt
1028,KM89,5000.0,asphalt
1029,KM91,5006.0,asphalt
1030,KMAE,5545.0,asphalt
1031,KMAF,8302.0,asphalt
1032,KMAF,9501.0,asphalt
1033,KMAW,5001.0,asphalt
1034,KMAW,5011.0,asphalt
1035,KMBL,5502.0,asphalt
1036,KMBS,6400.0,asphalt
1037,KMBS,8002.0,asphalt
1038,KMCB,5000.0,asphalt
1039,KMCE,5903.0,asphalt
1040,KMCI,9500.0,asphalt
1041,KMCN,5001.0,asphalt
1042,KMCN,6501.0,asphalt
1043,KMCO,9000.0,asphalt
1044,KMCW,5502.0,asphalt
1045,KMCW,6501.0,asphalt
1046,KMCZ,5000.0,asphalt
1047,KMDD,5022.0,asphalt
1048,KMDH,6506.0,asphalt
1049,KMDQ,5008.0,asphalt
1050,KMDS,5000.0,asphalt
1051,KMDT,10001.0,asphalt
1052,KMDW,5141.0,asphalt
1053,KMDW,5507.0,asphalt
1054,KMDZ,5001.0,asphalt
1055,KMEI,10003.0,asphalt
1056,KMEM,8946.0,asphalt
1057,KMEV,5300.0,asphalt
1058,KMEV,7400.0,asphalt
1059,KMEZ,5000.0,asphalt
1060,KMEZ,6000.0,asphalt
1061,KMFD,6795.0,asphalt
1062,KMFD,9001.0,asphalt
1063,KMFE,7120.0,asphalt
1064,KMFI,5000.0,asphalt
1065,KMFR,8800.0,asphalt
1066,KMFV,5004.0,asphalt
1067,KMGM,9010.0,asphalt
1068,KMGR,5129.0,asphalt
1069,KMGW,5199.0,asphalt
1070,KMGY,5000.0,asphalt
1071,KMHE,5512.0,asphalt
1072,KMHE,6700.0,asphalt
1073,KMHR,6040.0,asphalt
1074,KMHT,6850.0,asphalt
1075,KMHT,9250.0,asphalt
1076,KMHV,7050.0,asphalt
1077,KMIA,8600.0,asphalt
1078,KMIA,9354.0,asphalt
1079,KMIA,10506.0,asphalt
1080,KMIA,13000.0,asphalt
1081,KMIE,6500.0,asphalt
1082,KMIO,5020.0,asphalt
1083,KMIV,6002.0,asphalt
1084,KMIW,5006.0,asphalt
1085,KMJD,5000.0,asphalt
1086,KMJX,5949.0,asphalt
1087,KMKC,5050.0,asphalt
1088,KMKE,5868.0,asphalt
1089,KMKG,5001.0,asphalt
1090,KMKG,6501.0,asphalt
1091,KMKJ,5252.0,asphalt
1092,KMKL,6006.0,asphalt
1093,KMKT,5400.0,asphalt
1094,KMKY,5000.0,asphalt
1095,KMLB,6000.0,asphalt
1096,KMLB,10181.0,asphalt
1097,KMLC,5602.0,grooved concrete
1098,KMLF,5000.0,asphalt
1099,KMLJ,5500.0,asphalt
1100,KMLS,5624.0,asphalt
1101,KMLS,5680.0,asphalt
1102,KMLU,5000.0,asphalt
1103,KMLU,5001.0,asphalt
1104,KMMH,7000.0,asphalt
1105,KMMI,5000.0,asphalt
1106,KMML,5010.0,asphalt
1107,KMMU,5999.0,asphalt
1108,KMMV,5420.0,asphalt
1109,KMNF,5005.0,asphalt
1110,KMNM,5100.0,asphalt
1111,KMNM,6000.0,asphalt
1112,KMNN,5000.0,asphalt
1113,KMNZ,5000.0,asphalt
1114,KMOB,8521.0,asphalt
1115,KMOD,5911.0,asphalt
1116,KMOP,5000.0,asphalt
1117,KMOR,5701.0,asphalt
1118,KMOT,6350.0,asphalt
1119,KMPE,5000.0,asphalt
1120,KMPJ,5853.0,asphalt
1121,KMPV,5002.0,asphalt
1122,KMQB,5101.0,asphalt
1123,KMQS,5400.0,asphalt
1124,KMQY,5546.0,asphalt
1125,KMQY,8036.0,asphalt
1126,KMRB,5001.0,asphalt
1127,KMRB,9600.0,asphalt
1128,KMRC,6003.0,asphalt
1129,KMRF,5307.0,asphalt
1130,KMRF,6214.0,asphalt
1131,KMRJ,5000.0,asphalt
1132,KMRN,5500.0,asphalt
1133,KMRY,7616.0,asphalt
1134,KMSL,6693.0,asphalt
1135,KMSO,9501.0,asphalt
1136,KMSV,6300.0,asphalt
1137,KMSY,7001.0,asphalt
1138,KMTH,5008.0,asphalt
1139,KMTJ,7500.0,asphalt
1140,KMTJ,10000.0,asphalt
1141,KMTO,5799.0,asphalt
1142,KMTV,5002.0,asphalt
1143,KMTW,5002.0,asphalt
1144,KMVC,6016.0,asphalt
1145,KMVI,5900.0,asphalt
1146,KMVN,6498.0,asphalt
1147,KMVY,5504.0,asphalt
1148,KMWA,5000.0,asphalt
1149,KMWA,8012.0,asphalt
1150,KMWL,5996.0,asphalt
1151,KMWO,6100.0,asphalt
1152,KMYL,6107.0,asphalt
1153,KMYR,9503.0,asphalt
1154,KMYV,6006.0,asphalt
1155,KMZJ,6690.0,asphalt
1156,KMZJ,6849.0,asphalt
1157,KMZZ,6000.0,asphalt
1158,KN24,6861.0,asphalt
1159,KNEW,6880.0,asphalt
1160,KNVD,5901.0,asphalt
1161,KNYL,5710.0,asphalt
1162,KNYL,6145.0,asphalt
1163,KNYL,9239.0,asphalt
1164,KO05,5000.0,asphalt
1165,KO43,5800.0,asphalt
1166,KO46,5000.0,asphalt
1167,KOAJ,7100.0,asphalt
1168,KOAK,5458.0,asphalt
1169,KOAK,6213.0,asphalt
1170,KOAK,10000.0,asphalt
1171,KOBE,5000.0,asphalt
1172,KOCF,6907.0,asphalt
1173,KOCH,5000.0,asphalt
1174,KOCW,5000.0,asphalt
1175,KOCW,5000.0,asphalt
1176,KODO,5003.0,asphalt
1177,KODO,5703.0,asphalt
1178,KOEB,5350.0,asphalt
1179,KOEL,5000.0,asphalt
1180,KOFK,5800.0,asphalt
1181,KOFK,5800.0,asphalt
1182,KOFP,5400.0,asphalt
1183,KOGB,5401.0,asphalt
1184,KOGD,5195.0,asphalt
1185,KOGD,5600.0,asphalt
1186,KOGD,8103.0,asphalt
1187,KOGS,5200.0,asphalt
1188,KOKK,5201.0,asphalt
1189,KOKV,5500.0,asphalt
1190,KOKZ,5015.0,asphalt
1191,KOLF,5089.0,asphalt
1192,KOLM,5501.0,asphalt
1193,KOLS,7199.0,asphalt
1194,KOLV,6000.0,asphalt
1195,KONA,5199.0,asphalt
1196,KONM,5841.0,asphalt
1197,KONO,5006.0,asphalt
1198,KONP,5398.0,asphalt
1199,KONY,5096.0,asphalt
1200,KONY,5098.0,asphalt
1201,KONY,5101.0,asphalt
1202,KOPF,6800.0,asphalt
1203,KOPF,8002.0,asphalt
1204,KOPN,5701.0,asphalt
1205,KORD,5332.0,asphalt
1206,KORD,7500.0,asphalt
1207,KORD,7500.0,asphalt
1208,KORD,7500.0,grooved concrete
1209,KORD,7967.0,asphalt
1210,KORD,8075.0,asphalt
1211,KORD,9686.0,asphalt
1212,KORD,10005.0,asphalt
1213,KORD,11245.0,grooved concrete
1214,KORE,5000.0,asphalt
1215,KORE,5000.0,asphalt
1216,KORF,9001.0,asphalt
1217,KORH,5000.0,asphalt
1218,KORH,7000.0,asphalt
1219,KORL,6003.0,asphalt
1220,KOSA,5000.0,asphalt
1221,KOSC,11800.0,asphalt
1222,KOSH,6178.0,asphalt
1223,KOSU,5004.0,asphalt
1224,KOSX,5000.0,asphalt
1225,KOTG,5506.0,asphalt
1226,KOTH,5980.0,asphalt
1227,KOTM,5178.0,asphalt
1228,KOUN,5200.0,asphalt
1229,KOVE,6020.0,asphalt
1230,KOVO,5002.0,asphalt
1231,KOVS,5000.0,asphalt
1232,KOWB,5000.0,asphalt
1233,KOWB,8000.0,grooved concrete
1234,KOWP,5800.0,asphalt
1235,KOXC,5800.0,asphalt
1236,KOXI,5001.0,asphalt
1237,KOXR,5953.0,asphalt
1238,KOZA,6000.0,asphalt
1239,KOZR,5000.0,asphalt
1240,KOZW,5002.0,asphalt
1241,KP04,5929.0,asphalt
1242,KP08,5528.0,asphalt
1243,KP08,5547.0,asphalt
1244,KP13,6500.0,asphalt
1245,KP14,6698.0,asphalt
1246,KP20,6250.0,asphalt
1247,KP33,6095.0,asphalt
1248,KP33,6100.0,asphalt
1249,KPAE,9010.0,asphalt
1250,KPAH,5500.0,asphalt
1251,KPAH,6499.0,asphalt
1252,KPAN,5500.0,asphalt
1253,KPBF,5998.0,asphalt
1254,KPBH,5000.0,asphalt
1255,KPBI,6932.0,asphalt
1256,KPBI,10008.0,asphalt
1257,KPBX,5350.0,asphalt
1258,KPCW,5004.0,asphalt
1259,KPCZ,5200.0,asphalt
1260,KPDC,5000.0,asphalt
1261,KPDT,5581.0,asphalt
1262,KPDT,6300.0,asphalt
1263,KPDX,7001.0,asphalt
1264,KPDX,8000.0,asphalt
1265,KPDX,11000.0,asphalt
1266,KPEO,5500.0,asphalt
1267,KPEQ,5954.0,asphalt
1268,KPEQ,6237.0,asphalt
1269,KPGA,5950.0,asphalt
1270,KPGD,6695.0,asphalt
1271,KPGV,6500.0,asphalt
1272,KPHL,5000.0,asphalt
1273,KPHL,5460.0,asphalt
1274,KPHL,9500.0,asphalt
1275,KPHL,12000.0,asphalt
1276,KPHN,5103.0,asphalt
1277,KPHT,5001.0,asphalt
1278,KPHX,10300.0,asphalt
1279,KPIA,8003.0,asphalt
1280,KPIB,6501.0,asphalt
1281,KPIE,5165.0,asphalt
1282,KPIE,5903.0,asphalt
1283,KPIE,8800.0,asphalt
1284,KPIE,9730.0,grooved concrete
1285,KPIH,7150.0,asphalt
1286,KPIH,9060.0,asphalt
1287,KPIM,5002.0,asphalt
1288,KPIR,6887.0,asphalt
1289,KPIR,6900.0,asphalt
1290,KPKB,6781.0,asphalt
1291,KPKD,5498.0,asphalt
1292,KPKV,5004.0,asphalt
1293,KPLN,5395.0,asphalt
1294,KPLN,6512.0,asphalt
1295,KPLR,5001.0,asphalt
1296,KPMD,6000.0,grooved concrete
1297,KPMH,5006.0,asphalt
1298,KPMU,5000.0,asphalt
1299,KPNA,7100.0,asphalt
1300,KPNE,5000.0,asphalt
1301,KPNE,7000.0,asphalt
1302,KPNS,7000.0,asphalt
1303,KPNS,7004.0,asphalt
1304,KPNT,5001.0,asphalt
1305,KPOU,5001.0,asphalt
1306,KPOY,6205.0,asphalt
1307,KPPA,5866.0,asphalt
1308,KPPO,5000.0,asphalt
1309,KPQI,5994.0,asphalt
1310,KPQI,7440.0,asphalt
1311,KPQL,6500.0,asphalt
1312,KPRB,6009.0,asphalt
1313,KPRC,7550.0,asphalt
1314,KPRN,5500.0,asphalt
1315,KPRX,6002.0,asphalt
1316,KPRZ,5700.0,asphalt
1317,KPSB,5006.0,asphalt
1318,KPSB,5711.0,asphalt
1319,KPSC,7703.0,asphalt
1320,KPSC,7711.0,asphalt
1321,KPSF,5001.0,asphalt
1322,KPSK,6201.0,asphalt
1323,KPSN,5005.0,asphalt
1324,KPSO,8098.0,asphalt
1325,KPSP,10000.0,asphalt
1326,KPTB,5001.0,asphalt
1327,KPTK,5000.0,asphalt
1328,KPTK,6200.0,asphalt
1329,KPTN,5399.0,asphalt
1330,KPTS,5500.0,asphalt
1331,KPTT,5500.0,asphalt
1332,KPTV,5908.0,asphalt
1333,KPUB,8268.0,asphalt
1334,KPUB,8308.0,asphalt
1335,KPUB,10496.0,asphalt
1336,KPUC,8319.0,asphalt
1337,KPUJ,5505.0,grooved concrete
1338,KPUW,7100.0,asphalt
1339,KPVD,6081.0,asphalt
1340,KPVD,8700.0,asphalt
1341,KPVG,5350.0,asphalt
1342,KPVU,6614.0,asphalt
1343,KPVU,8599.0,asphalt
1344,KPVW,5997.0,asphalt
1345,KPWA,5000.0,asphalt
1346,KPWG,5501.0,asphalt
1347,KPWK,5000.0,asphalt
1348,KPWM,5001.0,asphalt
1349,KPWM,7200.0,asphalt
1350,KPWT,5122.0,asphalt
1351,KPWT,6000.0,asphalt
1352,KPXE,5002.0,asphalt
1353,KPYP,5500.0,asphalt
1354,KPYX,5700.0,asphalt
1355,KRAL,5401.0,asphalt
1356,KRBL,5700.0,asphalt
1357,KRBM,5000.0,asphalt
1358,KRCR,5001.0,asphalt
1359,KRDD,5067.0,asphalt
1360,KRDD,7003.0,asphalt
1361,KRDG,5151.0,asphalt
1362,KRDG,6350.0,asphalt
1363,KRDM,6998.0,asphalt
1364,KRDM,7040.0,asphalt
1365,KRDU,7500.0,asphalt
1366,KRFD,8199.0,asphalt
1367,KRGK,5011.0,asphalt
1368,KRHI,5600.0,asphalt
1369,KRHP,5500.0,asphalt
1370,KRIC,5326.0,asphalt
1371,KRIC,6607.0,asphalt
1372,KRIC,9003.0,asphalt
1373,KRID,5000.0,asphalt
1374,KRID,5500.0,asphalt
1375,KRIF,6600.0,asphalt
1376,KRIL,7000.0,asphalt
1377,KRIW,8203.0,asphalt
1378,KRKD,5007.0,asphalt
1379,KRKP,5608.0,asphalt
1380,KRKS,5223.0,asphalt
1381,KRKS,10000.0,asphalt
1382,KRMG,6000.0,asphalt
1383,KRMN,5000.0,asphalt
1384,KRNC,5000.0,asphalt
1385,KRNM,5001.0,asphalt
1386,KRNT,5382.0,asphalt
1387,KROA,5810.0,asphalt
1388,KROA,6800.0,asphalt
1389,KROC,6402.0,asphalt
1390,KROC,8001.0,asphalt
1391,KROG,6011.0,asphalt
1392,KROW,9999.0,asphalt
1393,KRPD,5700.0,asphalt
1394,KRPX,5098.0,asphalt
1395,KRQE,7000.0,asphalt
1396,KRQO,5600.0,grooved concrete
1397,KRRL,5100.0,asphalt
1398,KRRT,5400.0,asphalt
1399,KRSN,5003.0,asphalt
1400,KRSV,5109.0,asphalt
1401,KRSW,12000.0,asphalt
1402,KRTN,6328.0,asphalt
1403,KRUE,5094.0,asphalt
1404,KRUQ,5500.0,asphalt
1405,KRUT,5000.0,asphalt
1406,KRVL,5001.0,asphalt
1407,KRVS,5103.0,asphalt
1408,KRWI,7100.0,asphalt
1409,KRWL,7008.0,asphalt
1410,KRYM,6100.0,asphalt
1411,KRYN,5500.0,asphalt
1412,KRYY,6305.0,asphalt
1413,KRZR,5500.0,asphalt
1414,KRZT,5404.0,asphalt
1415,KS21,5455.0,asphalt
1416,KS24,5500.0,asphalt
1417,KS33,5089.0,asphalt
1418,KS39,5000.0,asphalt
1419,KS42,5000.0,asphalt
1420,KS52,5048.0,asphalt
1421,KS59,5000.0,asphalt
1422,KS67,5000.0,asphalt
1423,KS83,5500.0,asphalt
1424,KSAA,8800.0,asphalt
1425,KSAC,5503.0,asphalt
1426,KSAD,6015.0,asphalt
1427,KSAF,6300.0,asphalt
1428,KSAF,6307.0,asphalt
1429,KSAF,8342.0,asphalt
1430,KSAT,5519.0,asphalt
1431,KSAV,7002.0,grooved concrete
1432,KSAV,9351.0,grooved concrete
1433,KSBA,6052.0,asphalt
1434,KSBM,5000.0,asphalt
1435,KSBN,6001.0,asphalt
1436,KSBN,8412.0,asphalt
1437,KSBO,6021.0,asphalt
1438,KSBP,6100.0,asphalt
1439,KSBX,5004.0,asphalt
1440,KSBY,5000.0,asphalt
1441,KSCD,5390.0,asphalt
1442,KSCH,7000.0,asphalt
1443,KSCK,10650.0,asphalt
1444,KSCX,5502.0,asphalt
1445,KSDL,8249.0,asphalt
1446,KSDY,5705.0,asphalt
1447,KSEA,9426.0,grooved concrete
1448,KSEA,11900.0,asphalt
1449,KSEE,5342.0,asphalt
1450,KSEF,5190.0,asphalt
1451,KSER,5500.0,asphalt
1452,KSER,5502.0,asphalt
1453,KSEZ,5129.0,asphalt
1454,KSFB,9600.0,asphalt
1455,KSFM,6000.0,asphalt
1456,KSFM,6000.0,asphalt
1457,KSFO,7500.0,asphalt
1458,KSFO,8648.0,asphalt
1459,KSFO,10602.0,asphalt
1460,KSFO,11870.0,asphalt
1461,KSFQ,5007.0,asphalt
1462,KSFZ,5000.0,asphalt
1463,KSGH,5499.0,asphalt
1464,KSGJ,7996.0,asphalt
1465,KSGU,9300.0,asphalt
1466,KSHD,6002.0,asphalt
1467,KSHN,5005.0,asphalt
1468,KSHR,5039.0,asphalt
1469,KSHR,6648.0,asphalt
1470,KSHR,8300.0,asphalt
1471,KSHV,6202.0,asphalt
1472,KSHV,8351.0,asphalt
1473,KSIF,5199.0,asphalt
1474,KSIK,5502.0,asphalt
1475,KSIY,7484.0,asphalt
1476,KSJN,5322.0,asphalt
1477,KSJT,5939.0,asphalt
1478,KSJT,8049.0,asphalt
1479,KSKX,5798.0,asphalt
1480,KSLC,9596.0,asphalt
1481,KSLC,12004.0,asphalt
1482,KSLE,5145.0,asphalt
1483,KSLE,5811.0,asphalt
1484,KSLI,8000.0,asphalt
1485,KSLK,6573.0,asphalt
1486,KSLN,6510.0,asphalt
1487,KSLN,12300.0,asphalt
1488,KSLR,5001.0,grooved concrete
1489,KSME,5800.0,asphalt
1490,KSMN,5150.0,asphalt
1491,KSMS,5501.0,asphalt
1492,KSMX,5130.0,asphalt
1493,KSMX,6304.0,asphalt
1494,KSNA,5700.0,asphalt
1495,KSNK,5600.0,asphalt
1496,KSNL,5600.0,asphalt
1497,KSNS,6004.0,asphalt
1498,KSNY,6600.0,grooved concrete
1499,KSOP,5503.0,asphalt
1500,KSOW,7200.0,asphalt
1501,KSPA,5202.0,asphalt
1502,KSPB,5100.0,asphalt
1503,KSPF,6400.0,asphalt
1504,KSPI,7000.0,asphalt
1505,KSPK,5700.0,asphalt
1506,KSPS,7021.0,asphalt
1507,KSPZ,5998.0,asphalt
1508,KSQI,6500.0,asphalt
1509,KSRB,6000.0,asphalt
1510,KSRC,6008.0,asphalt
1511,KSRE,5000.0,asphalt
1512,KSRQ,5009.0,asphalt
1513,KSRQ,9500.0,asphalt
1514,KSRR,6500.0,asphalt
1515,KSRR,8099.0,asphalt
1516,KSSI,5800.0,asphalt
1517,KSTE,6028.0,asphalt
1518,KSTF,5550.0,asphalt
1519,KSTP,6711.0,asphalt
1520,KSTS,5202.0,asphalt
1521,KSTS,6000.0,asphalt
1522,KSUA,5000.0,asphalt
1523,KSUA,5826.0,asphalt
1524,KSUN,6952.0,asphalt
1525,KSUS,5000.0,asphalt
1526,KSUW,5100.0,asphalt
1527,KSUX,6600.0,asphalt
1528,KSUZ,5001.0,asphalt
1529,KSVC,6802.0,asphalt
1530,KSVH,7006.0,asphalt
1531,KSVN,11375.0,asphalt
1532,KSWF,6006.0,asphalt
1533,KSWF,11818.0,asphalt
1534,KSWO,5002.0,asphalt
1535,KSWO,7401.0,asphalt
1536,KSWW,5659.0,asphalt
1537,KSWW,5840.0,asphalt
1538,KSYI,5003.0,asphalt
1539,KSYR,7500.0,asphalt
1540,KSYR,9003.0,asphalt
1541,KSZT,5502.0,asphalt
1542,KSZY,5002.0,asphalt
1543,KT03,6230.0,asphalt
1544,KT55,5500.0,asphalt
1545,KT82,5002.0,asphalt
1546,KTAD,5498.0,asphalt
1547,KTBN,6038.0,asphalt
1548,KTBR,6000.0,asphalt
1549,KTCC,7102.0,asphalt
1550,KTCL,6499.0,asphalt
1551,KTCS,7200.0,asphalt
1552,KTDF,5826.0,asphalt
1553,KTDZ,5830.0,asphalt
1554,KTEB,6013.0,asphalt
1555,KTEB,7000.0,asphalt
1556,KTEX,6870.0,asphalt
1557,KTFP,5000.0,asphalt
1558,KTIP,5001.0,asphalt
1559,KTIW,5002.0,asphalt
1560,KTIX,5000.0,asphalt
1561,KTIX,7319.0,asphalt
1562,KTKI,7001.0,asphalt
1563,KTLH,6076.0,asphalt
1564,KTLH,8000.0,asphalt
1565,KTMA,5504.0,asphalt
1566,KTMB,5001.0,asphalt
1567,KTMK,5001.0,asphalt
1568,KTNP,5531.0,asphalt
1569,KTNT,10499.0,asphalt
1570,KTNU,5599.0,asphalt
1571,KTOI,5009.0,asphalt
1572,KTOI,5022.0,asphalt
1573,KTOL,5599.0,asphalt
1574,KTOL,10600.0,asphalt
1575,KTOP,5099.0,asphalt
1576,KTOR,5701.0,asphalt
1577,KTPH,5464.0,asphalt
1578,KTPH,7057.0,asphalt
1579,KTPL,6301.0,asphalt
1580,KTRI,8030.0,asphalt
1581,KTRK,7000.0,asphalt
1582,KTRL,5006.0,asphalt
1583,KTRM,8500.0,asphalt
1584,KTTA,6570.0,asphalt
1585,KTTD,5399.0,asphalt
1586,KTTF,5000.0,asphalt
1587,KTTN,6006.0,asphalt
1588,KTUL,6101.0,asphalt
1589,KTUP,6500.0,asphalt
1590,KTUS,7000.0,asphalt
1591,KTUS,8408.0,asphalt
1592,KTUS,10996.0,asphalt
1593,KTVC,5379.0,asphalt
1594,KTVC,6501.0,asphalt
1595,KTVF,6503.0,asphalt
1596,KTVI,5000.0,asphalt
1597,KTVI,5500.0,asphalt
1598,KTVL,8544.0,asphalt
1599,KTVR,5002.0,asphalt
1600,KTVY,6100.0,asphalt
1601,KTWF,8703.0,asphalt
1602,KTWT,5000.0,asphalt
1603,KTXK,5200.0,asphalt
1604,KTXK,6601.0,asphalt
1605,KTYL,7200.0,asphalt
1606,KTYR,5200.0,asphalt
1607,KTYR,7200.0,asphalt
1608,KTYS,9000.0,asphalt
1609,KTZR,5500.0,asphalt
1610,KU25,6100.0,asphalt
1611,KU34,5600.0,asphalt
1612,KU52,5100.0,asphalt
1613,KU55,5693.0,asphalt
1614,KU68,5199.0,asphalt
1615,KU69,5800.0,asphalt
1616,KU76,5000.0,asphalt
1617,KU96,5700.0,asphalt
1618,KUAO,5004.0,asphalt
1619,KUCY,5000.0,asphalt
1620,KUDG,5500.0,asphalt
1621,KUGN,6000.0,asphalt
1622,KUIN,5125.0,asphalt
1623,KUKF,6200.0,asphalt
1624,KUNI,5600.0,asphalt
1625,KUNO,5102.0,asphalt
1626,KUNU,5060.0,asphalt
1627,KUNV,6701.0,asphalt
1628,KUOX,5600.0,asphalt
1629,KUTA,7000.0,asphalt
1630,KUTS,5006.0,asphalt
1631,KUVA,5255.0,asphalt
1632,KUXL,5001.0,asphalt
1633,KUZA,5500.0,asphalt
1634,KVDF,5000.0,asphalt
1635,KVEL,7000.0,asphalt
1636,KVGC,5000.0,asphalt
1637,KVGT,5000.0,asphalt
1638,KVGT,5004.0,asphalt
1639,KVHN,5353.0,asphalt
1640,KVHN,6000.0,asphalt
1641,KVIH,5500.0,asphalt
1642,KVIH,5500.0,asphalt
1643,KVIS,6559.0,asphalt
1644,KVKS,5000.0,asphalt
1645,KVLD,5598.0,asphalt
1646,KVLD,8002.0,asphalt
1647,KVNC,5000.0,asphalt
1648,KVNC,5000.0,asphalt
1649,KVNY,8001.0,asphalt
1650,KVPC,5760.0,asphalt
1651,KVPS,10012.0,asphalt
1652,KVPS,12005.0,asphalt
1653,KVPZ,7000.0,asphalt
1654,KVRB,7314.0,asphalt
1655,KVSF,5498.0,asphalt
1656,KVUJ,5500.0,asphalt
1657,KVYS,6000.0,asphalt
1658,KW38,5500.0,asphalt
1659,KW43,5500.0,asphalt
1660,KW94,5000.0,asphalt
1661,KW99,5000.0,asphalt
1662,KWDG,6389.0,asphalt
1663,KWDR,5500.0,asphalt
1664,KWJF,7201.0,asphalt
1665,KWLD,5505.0,asphalt
1666,KWMC,7000.0,asphalt
1667,KWRL,7005.0,asphalt
1668,KWVL,5500.0,asphalt
1669,KWYS,8399.0,asphalt
1670,KX14,5254.0,asphalt
1671,KX60,6390.0,asphalt
1672,KXFL,5000.0,asphalt
1673,KXFL,5000.0,asphalt
1674,KXFL,5000.0,asphalt
1675,KXNA,8800.0,grooved concrete
1676,KXNI,6000.0,asphalt
1677,KY31,5000.0,asphalt
1678,KYIP,6511.0,asphalt
1679,KYIP,6655.0,asphalt
1680,KYIP,6914.0,asphalt
1681,KYIP,7294.0,asphalt
1682,KYIP,7526.0,asphalt
1683,KYKM,7603.0,asphalt
1684,KYNG,5002.0,asphalt
1685,KYNG,9003.0,asphalt
1686,KZPH,5001.0,asphalt
1687,KZPH,5072.0,asphalt
1688,M97,5500.0,asphalt
1689,N17,5150.0,asphalt
1690,PAAQ,6008.0,asphalt
1691,PABE,6400.0,asphalt
1692,PABI,6115.0,asphalt
1693,PABI,9000.0,asphalt
1694,PABR,7100.0,asphalt
1695,PACD,10415.0,asphalt
1696,PACV,7500.0,asphalt
1697,PADK,7605.0,asphalt
1698,PADK,7790.0,asphalt
1699,PADL,6400.0,asphalt
1700,PADQ,5013.0,asphalt
1701,PADQ,5399.0,asphalt
1702,PADQ,7542.0,asphalt
1703,PAEN,7576.0,asphalt
1704,PAFA,6501.0,asphalt
1705,PAFA,11800.0,asphalt
1706,PAFB,8575.0,asphalt
1707,PAGK,5001.0,asphalt
1708,PAGS,6720.0,asphalt
1709,PAHO,6701.0,asphalt
1710,PAIL,5087.0,asphalt
1711,PAJN,8457.0,asphalt
1712,PAKN,8901.0,asphalt
1713,PAKT,7500.0,asphalt
1714,PAKW,5000.0,asphalt
1715,PAMC,5936.0,asphalt
1716,PANC,10600.0,asphalt
1717,PANC,10865.0,asphalt
1718,PANC,12400.0,asphalt
1719,PANI,6200.0,asphalt
1720,PAOM,5576.0,asphalt
1721,PAOM,6001.0,asphalt
1722,PAOT,5900.0,asphalt
1723,PAPG,6000.0,asphalt
1724,PASC,6500.0,asphalt
1725,PASH,5000.0,asphalt
1726,PASI,7200.0,asphalt
1727,PASN,6500.0,asphalt
1728,PASX,5000.0,asphalt
1729,PAUN,5900.0,asphalt
1730,PAVD,6508.0,asphalt
1731,PAWG,5999.0,asphalt
1732,PAYA,6475.0,grooved concrete
1733,PAYA,7745.0,asphalt
1734,PHDH,9007.0,asphalt
1735,PHHI,5604.0,asphalt
1736,PHJR,6000.0,asphalt
1737,PHJR,8000.0,asphalt
1738,PHKO,11000.0,asphalt
1739,PHLI,6500.0,asphalt
1740,PHLI,6500.0,asphalt
1741,PHMU,5197.0,asphalt
1742,PHNL,6952.0,asphalt
1743,PHNL,9000.0,asphalt
1744,PHNL,12000.0,asphalt
1745,PHNL,12300.0,asphalt
1746,PHNY,5001.0,asphalt
1747,PHOG,6995.0,asphalt
1748,PHTO,5600.0,asphalt
1749,PHTO,9800.0,asphalt
